{"lastUpdatedDate":{"year":2021,"month":3,"day":4},"county_demographics":[{"County":"Kankakee","confirmed_cases":12555,"total_tested":189422,"demographics":{"age":[{"race":[],"age_group":"<20","count":1816,"tested":15977,"deaths":0},{"race":[],"age_group":"20-29   ","count":2222,"tested":27952,"deaths":0},{"race":[],"age_group":"30-39   ","count":1902,"tested":27805,"deaths":0},{"race":[],"age_group":"40-49   ","count":1883,"tested":27620,"deaths":0},{"race":[],"age_group":"50-59   ","count":1936,"tested":31498,"deaths":0},{"race":[],"age_group":"60-69   ","count":1404,"tested":25808,"deaths":0},{"race":[],"age_group":"70-79   ","count":814,"tested":16536,"deaths":0},{"race":[],"age_group":"80+","count":575,"tested":16184,"deaths":0},{"race":[],"age_group":"Unknown","count":0,"tested":42,"deaths":0}],"race":[{"description":"AI/AN**","count":0,"tested":91,"deaths":0,"color":"rgb(31,119,180)"},{"description":"Asian","count":43,"tested":1058,"deaths":0,"color":"rgb(140,86,75)"},{"description":"Black","count":1571,"tested":31593,"deaths":0,"color":"rgb(255,127,14)"},{"description":"Hispanic","count":1216,"tested":6911,"deaths":0,"color":"rgb(214,39,40)"},{"description":"Left Blank","count":2973,"tested":47041,"deaths":0,"color":"rgb(44,160,44)"},{"description":"NH/PI*","count":0,"tested":214,"deaths":0,"color":"rgb(127,127,127)"},{"description":"Other","count":324,"tested":5030,"deaths":0,"color":"rgb(148,103,189)"},{"description":"White","count":6413,"tested":97484,"deaths":0,"color":"rgb(31,119,180)"}],"gender":[{"description":"Female","count":6650,"tested":111441,"deaths":0,"color":"rgb(255,127,14)"},{"description":"Male","count":5867,"tested":74294,"deaths":0,"color":"rgb(31,119,180)"},{"description":"Unknown/Left Blank","count":38,"tested":3687,"deaths":0,"color":"rgb(44,160,44)"}]}}]}
