{"age":[{"age_group":"<20","count":202,"tested":1535},{"age_group":"20-29   ","count":325,"tested":2700},{"age_group":"30-39   ","count":385,"tested":3206},{"age_group":"40-49   ","count":314,"tested":2840},{"age_group":"50-59   ","count":293,"tested":2804},{"age_group":"60-69   ","count":224,"tested":2326},{"age_group":"70-79   ","count":99,"tested":1065},{"age_group":"80+","count":75,"tested":866}],"race":[{"description":"Black","count":49,"tested":216,"color":"rgb(255,127,14)"},{"description":"Hispanic","count":256,"tested":1703,"color":"rgb(214,39,40)"},{"description":"Asian","count":119,"tested":733,"color":"rgb(140,86,75)"},{"description":"White","count":942,"tested":7577,"color":"rgb(31,119,180)"},{"description":"Other","count":131,"tested":789,"color":"rgb(148,103,189)"},{"description":"Left Blank","count":377,"tested":6261,"color":"rgb(44,160,44)"}],"gender":[{"description":"Female","count":864,"tested":8915,"color":"rgb(255,127,14)"},{"description":"Male","count":941,"tested":8062,"color":"rgb(31,119,180)"}]}
