{"age":[{"age_group":"20-29   ","count":16,"tested":128},{"age_group":"50-59   ","count":21,"tested":107},{"age_group":"60-69   ","count":17,"tested":98}],"race":[{"description":"White","count":31,"tested":363,"color":"rgb(31,119,180)"},{"description":"Hispanic","count":15,"tested":33,"color":"rgb(214,39,40)"},{"description":"Left Blank","count":22,"tested":243,"color":"rgb(44,160,44)"}],"gender":[{"description":"Male","count":33,"tested":316,"color":"rgb(31,119,180)"},{"description":"Female","count":29,"tested":359,"color":"rgb(255,127,14)"}]}
