{"age":[{"age_group":"<20","count":11,"tested":61},{"age_group":"20-29   ","count":12,"tested":95},{"age_group":"40-49   ","count":11,"tested":71},{"age_group":"50-59   ","count":15,"tested":89},{"age_group":"60-69   ","count":8,"tested":49}],"race":[{"description":"Left Blank","count":28,"tested":220,"color":"rgb(44,160,44)"},{"description":"White","count":32,"tested":261,"color":"rgb(31,119,180)"}],"gender":[{"description":"Male","count":34,"tested":208,"color":"rgb(31,119,180)"},{"description":"Female","count":27,"tested":282,"color":"rgb(255,127,14)"}]}
