{"age":[{"age_group":"<20","count":325,"tested":1864},{"age_group":"20-29   ","count":402,"tested":2958},{"age_group":"30-39   ","count":384,"tested":2653},{"age_group":"40-49   ","count":396,"tested":3013},{"age_group":"50-59   ","count":394,"tested":3072},{"age_group":"60-69   ","count":297,"tested":2442},{"age_group":"70-79   ","count":176,"tested":1256},{"age_group":"80+","count":125,"tested":692}],"race":[{"description":"Hispanic","count":354,"tested":1536,"color":"rgb(214,39,40)"},{"description":"Left Blank","count":897,"tested":8180,"color":"rgb(44,160,44)"},{"description":"Asian","count":64,"tested":76,"color":"rgb(140,86,75)"},{"description":"White","count":381,"tested":2655,"color":"rgb(31,119,180)"},{"description":"Black","count":570,"tested":5036,"color":"rgb(255,127,14)"},{"description":"Other","count":124,"tested":439,"color":"rgb(148,103,189)"}],"gender":[{"description":"Male","count":963,"tested":6833,"color":"rgb(31,119,180)"},{"description":"Female","count":1211,"tested":10912,"color":"rgb(255,127,14)"},{"description":"Unknown/Left Blank","count":65,"tested":208,"color":"rgb(44,160,44)"}]}
