{"age":[{"age_group":"<20","count":511,"tested":2993},{"age_group":"20-29   ","count":778,"tested":5830},{"age_group":"30-39   ","count":671,"tested":6140},{"age_group":"40-49   ","count":628,"tested":5193},{"age_group":"50-59   ","count":665,"tested":5994},{"age_group":"60-69   ","count":476,"tested":5736},{"age_group":"70-79   ","count":322,"tested":3270},{"age_group":"80+","count":299,"tested":2948}],"race":[{"description":"Asian","count":127,"tested":650,"color":"rgb(140,86,75)"},{"description":"Hispanic","count":635,"tested":2872,"color":"rgb(214,39,40)"},{"description":"Black","count":340,"tested":4828,"color":"rgb(255,127,14)"},{"description":"Other","count":270,"tested":1079,"color":"rgb(148,103,189)"},{"description":"White","count":1058,"tested":10826,"color":"rgb(31,119,180)"},{"description":"Left Blank","count":1726,"tested":17797,"color":"rgb(44,160,44)"}],"gender":[{"description":"Male","count":1777,"tested":15412,"color":"rgb(31,119,180)"},{"description":"Unknown/Left Blank","count":127,"tested":797,"color":"rgb(44,160,44)"},{"description":"Female","count":1982,"tested":21905,"color":"rgb(255,127,14)"}]}
