{"age":[{"age_group":"<20","count":18,"tested":91},{"age_group":"20-29   ","count":11,"tested":53},{"age_group":"30-39   ","count":14,"tested":102},{"age_group":"40-49   ","count":14,"tested":69},{"age_group":"50-59   ","count":17,"tested":72},{"age_group":"60-69   ","count":18,"tested":76},{"age_group":"70-79   ","count":12,"tested":42}],"race":[{"description":"Left Blank","count":30,"tested":154,"color":"rgb(44,160,44)"},{"description":"White","count":59,"tested":320,"color":"rgb(31,119,180)"}],"gender":[{"description":"Female","count":48,"tested":275,"color":"rgb(255,127,14)"},{"description":"Male","count":47,"tested":243,"color":"rgb(31,119,180)"}]}
