{"age":[{"age_group":"<20","count":78,"tested":1183},{"age_group":"20-29   ","count":65,"tested":908},{"age_group":"30-39   ","count":39,"tested":606},{"age_group":"40-49   ","count":50,"tested":754},{"age_group":"50-59   ","count":71,"tested":1006},{"age_group":"60-69   ","count":44,"tested":752},{"age_group":"70-79   ","count":30,"tested":427},{"age_group":"80+","count":29,"tested":178}],"race":[{"description":"Other","count":53,"tested":501,"color":"rgb(148,103,189)"},{"description":"Left Blank","count":87,"tested":2411,"color":"rgb(44,160,44)"},{"description":"Hispanic","count":34,"tested":81,"color":"rgb(214,39,40)"},{"description":"White","count":139,"tested":2700,"color":"rgb(31,119,180)"}],"gender":[{"description":"Female","count":131,"tested":2934,"color":"rgb(255,127,14)"},{"description":"Male","count":141,"tested":2854,"color":"rgb(31,119,180)"}]}
