{"age":[{"age_group":"<20","count":110,"tested":1285},{"age_group":"20-29   ","count":80,"tested":1298},{"age_group":"30-39   ","count":71,"tested":1313},{"age_group":"40-49   ","count":103,"tested":1545},{"age_group":"50-59   ","count":98,"tested":1846},{"age_group":"60-69   ","count":67,"tested":1824},{"age_group":"70-79   ","count":57,"tested":1350},{"age_group":"80+","count":97,"tested":2437}],"race":[{"description":"Asian","count":60,"tested":842,"color":"rgb(140,86,75)"},{"description":"Black","count":20,"tested":223,"color":"rgb(255,127,14)"},{"description":"Other","count":80,"tested":645,"color":"rgb(148,103,189)"},{"description":"Hispanic","count":48,"tested":397,"color":"rgb(214,39,40)"},{"description":"White","count":280,"tested":5012,"color":"rgb(31,119,180)"},{"description":"Left Blank","count":176,"tested":5729,"color":"rgb(44,160,44)"}],"gender":[{"description":"Female","count":325,"tested":6209,"color":"rgb(255,127,14)"},{"description":"Male","count":288,"tested":4403,"color":"rgb(31,119,180)"},{"description":"Unknown/Left Blank","count":25,"tested":2303,"color":"rgb(44,160,44)"}]}
