{"age":[{"age_group":"<20","count":344,"tested":2063},{"age_group":"20-29   ","count":550,"tested":3763},{"age_group":"30-39   ","count":416,"tested":3178},{"age_group":"40-49   ","count":401,"tested":3016},{"age_group":"50-59   ","count":439,"tested":3228},{"age_group":"60-69   ","count":352,"tested":3228},{"age_group":"70-79   ","count":249,"tested":2375},{"age_group":"80+","count":187,"tested":2043}],"race":[{"description":"Other","count":181,"tested":697,"color":"rgb(148,103,189)"},{"description":"Black","count":134,"tested":599,"color":"rgb(255,127,14)"},{"description":"Asian","count":127,"tested":387,"color":"rgb(140,86,75)"},{"description":"White","count":902,"tested":7810,"color":"rgb(31,119,180)"},{"description":"Left Blank","count":1243,"tested":12851,"color":"rgb(44,160,44)"},{"description":"Hispanic","count":177,"tested":514,"color":"rgb(214,39,40)"}],"gender":[{"description":"Male","count":1123,"tested":9028,"color":"rgb(31,119,180)"},{"description":"Female","count":1281,"tested":13387,"color":"rgb(255,127,14)"},{"description":"Unknown/Left Blank","count":106,"tested":490,"color":"rgb(44,160,44)"}]}
