{"age":[{"age_group":"<20","count":377,"tested":2394},{"age_group":"20-29   ","count":382,"tested":3520},{"age_group":"30-39   ","count":362,"tested":3033},{"age_group":"40-49   ","count":336,"tested":2627},{"age_group":"50-59   ","count":406,"tested":2867},{"age_group":"60-69   ","count":223,"tested":1785},{"age_group":"70-79   ","count":189,"tested":1466},{"age_group":"80+","count":204,"tested":2232}],"race":[{"description":"Other","count":143,"tested":285,"color":"rgb(148,103,189)"},{"description":"Black","count":145,"tested":311,"color":"rgb(255,127,14)"},{"description":"Asian","count":178,"tested":645,"color":"rgb(140,86,75)"},{"description":"Hispanic","count":378,"tested":1089,"color":"rgb(214,39,40)"},{"description":"Left Blank","count":789,"tested":12884,"color":"rgb(44,160,44)"},{"description":"White","count":629,"tested":4694,"color":"rgb(31,119,180)"}],"gender":[{"description":"Unknown/Left Blank","count":151,"tested":417,"color":"rgb(44,160,44)"},{"description":"Female","count":923,"tested":12235,"color":"rgb(255,127,14)"},{"description":"Male","count":870,"tested":7276,"color":"rgb(31,119,180)"}]}
