{"age":[{"age_group":"<20","count":43,"tested":257},{"age_group":"20-29   ","count":35,"tested":290},{"age_group":"30-39   ","count":29,"tested":284},{"age_group":"40-49   ","count":40,"tested":266},{"age_group":"50-59   ","count":38,"tested":391},{"age_group":"60-69   ","count":34,"tested":369},{"age_group":"70-79   ","count":16,"tested":117}],"race":[{"description":"Left Blank","count":71,"tested":881,"color":"rgb(44,160,44)"},{"description":"White","count":114,"tested":1078,"color":"rgb(31,119,180)"},{"description":"Hispanic","count":19,"tested":66,"color":"rgb(214,39,40)"}],"gender":[{"description":"Female","count":114,"tested":1181,"color":"rgb(255,127,14)"},{"description":"Male","count":85,"tested":849,"color":"rgb(31,119,180)"}]}
