{"age":[{"age_group":"<20","count":250,"tested":2330},{"age_group":"20-29   ","count":340,"tested":2724},{"age_group":"30-39   ","count":255,"tested":2260},{"age_group":"40-49   ","count":265,"tested":2123},{"age_group":"50-59   ","count":282,"tested":2468},{"age_group":"60-69   ","count":195,"tested":1722},{"age_group":"70-79   ","count":124,"tested":989},{"age_group":"80+","count":75,"tested":659}],"race":[{"description":"Black","count":79,"tested":344,"color":"rgb(255,127,14)"},{"description":"Asian","count":53,"tested":237,"color":"rgb(140,86,75)"},{"description":"Other","count":55,"tested":185,"color":"rgb(148,103,189)"},{"description":"Left Blank","count":469,"tested":5925,"color":"rgb(44,160,44)"},{"description":"White","count":943,"tested":7917,"color":"rgb(31,119,180)"},{"description":"Hispanic","count":129,"tested":657,"color":"rgb(214,39,40)"}],"gender":[{"description":"Female","count":851,"tested":8788,"color":"rgb(255,127,14)"},{"description":"Male","count":762,"tested":6302,"color":"rgb(31,119,180)"}]}
