{"age":[{"age_group":"<20","count":125,"tested":691},{"age_group":"20-29   ","count":140,"tested":850},{"age_group":"30-39   ","count":115,"tested":789},{"age_group":"40-49   ","count":105,"tested":745},{"age_group":"50-59   ","count":125,"tested":988},{"age_group":"60-69   ","count":109,"tested":742},{"age_group":"70-79   ","count":71,"tested":446}],"race":[{"description":"Other","count":62,"tested":56,"color":"rgb(148,103,189)"},{"description":"White","count":303,"tested":3088,"color":"rgb(31,119,180)"},{"description":"Left Blank","count":193,"tested":1936,"color":"rgb(44,160,44)"},{"description":"Hispanic","count":84,"tested":246,"color":"rgb(214,39,40)"}],"gender":[{"description":"Female","count":282,"tested":3073,"color":"rgb(255,127,14)"},{"description":"Male","count":266,"tested":2298,"color":"rgb(31,119,180)"}]}
