{"age":[{"age_group":"<20","count":173,"tested":1056},{"age_group":"20-29   ","count":189,"tested":1409},{"age_group":"30-39   ","count":176,"tested":1763},{"age_group":"40-49   ","count":198,"tested":1685},{"age_group":"50-59   ","count":177,"tested":1666},{"age_group":"60-69   ","count":124,"tested":1343},{"age_group":"70-79   ","count":106,"tested":813},{"age_group":"80+","count":93,"tested":845}],"race":[{"description":"Asian","count":75,"tested":148,"color":"rgb(140,86,75)"},{"description":"Other","count":72,"tested":206,"color":"rgb(148,103,189)"},{"description":"Left Blank","count":350,"tested":5817,"color":"rgb(44,160,44)"},{"description":"White","count":348,"tested":3591,"color":"rgb(31,119,180)"},{"description":"Hispanic","count":226,"tested":728,"color":"rgb(214,39,40)"}],"gender":[{"description":"Female","count":470,"tested":6249,"color":"rgb(255,127,14)"},{"description":"Male","count":436,"tested":4221,"color":"rgb(31,119,180)"},{"description":"Unknown/Left Blank","count":60,"tested":112,"color":"rgb(44,160,44)"}]}
