{"age":[{"age_group":"<20","count":112,"tested":1194},{"age_group":"20-29   ","count":95,"tested":765},{"age_group":"30-39   ","count":67,"tested":610},{"age_group":"40-49   ","count":87,"tested":740},{"age_group":"50-59   ","count":88,"tested":1014},{"age_group":"60-69   ","count":55,"tested":714},{"age_group":"70-79   ","count":25,"tested":397},{"age_group":"80+","count":53,"tested":430}],"race":[{"description":"Other","count":25,"tested":199,"color":"rgb(148,103,189)"},{"description":"Left Blank","count":201,"tested":3080,"color":"rgb(44,160,44)"},{"description":"White","count":227,"tested":2179,"color":"rgb(31,119,180)"},{"description":"Asian","count":38,"tested":203,"color":"rgb(140,86,75)"},{"description":"Hispanic","count":29,"tested":104,"color":"rgb(214,39,40)"},{"description":"Black","count":31,"tested":100,"color":"rgb(255,127,14)"}],"gender":[{"description":"Male","count":236,"tested":2433,"color":"rgb(31,119,180)"},{"description":"Female","count":254,"tested":3357,"color":"rgb(255,127,14)"}]}
