{"age":[{"age_group":"<20","count":246,"tested":3574},{"age_group":"20-29   ","count":154,"tested":2242},{"age_group":"30-39   ","count":100,"tested":1669},{"age_group":"40-49   ","count":154,"tested":2558},{"age_group":"50-59   ","count":172,"tested":2985},{"age_group":"60-69   ","count":112,"tested":2108},{"age_group":"70-79   ","count":82,"tested":1262},{"age_group":"80+","count":82,"tested":857}],"race":[{"description":"Left Blank","count":251,"tested":6855,"color":"rgb(44,160,44)"},{"description":"Other","count":127,"tested":1342,"color":"rgb(148,103,189)"},{"description":"Asian","count":57,"tested":567,"color":"rgb(140,86,75)"},{"description":"Black","count":46,"tested":107,"color":"rgb(255,127,14)"},{"description":"Hispanic","count":69,"tested":269,"color":"rgb(214,39,40)"},{"description":"White","count":481,"tested":8088,"color":"rgb(31,119,180)"}],"gender":[{"description":"Female","count":441,"tested":9388,"color":"rgb(255,127,14)"},{"description":"Male","count":450,"tested":7789,"color":"rgb(31,119,180)"}]}
