{"age":[{"age_group":"<20","count":379,"tested":4049},{"age_group":"20-29   ","count":560,"tested":5071},{"age_group":"30-39   ","count":505,"tested":4941},{"age_group":"40-49   ","count":515,"tested":4480},{"age_group":"50-59   ","count":505,"tested":5018},{"age_group":"60-69   ","count":352,"tested":4253},{"age_group":"70-79   ","count":172,"tested":2284},{"age_group":"80+","count":122,"tested":1545}],"race":[{"description":"NH/PI*","count":44,"tested":71,"color":"rgb(127,127,127)"},{"description":"AI/AN**","count":44,"tested":40,"color":"rgb(31,119,180)"},{"description":"Asian","count":244,"tested":2164,"color":"rgb(140,86,75)"},{"description":"Black","count":103,"tested":569,"color":"rgb(255,127,14)"},{"description":"Hispanic","count":608,"tested":2423,"color":"rgb(214,39,40)"},{"description":"White","count":1154,"tested":12815,"color":"rgb(31,119,180)"},{"description":"Other","count":223,"tested":1262,"color":"rgb(148,103,189)"},{"description":"Left Blank","count":690,"tested":12306,"color":"rgb(44,160,44)"}],"gender":[{"description":"Female","count":1443,"tested":17511,"color":"rgb(255,127,14)"},{"description":"Unknown/Left Blank","count":52,"tested":517,"color":"rgb(44,160,44)"},{"description":"Male","count":1425,"tested":13622,"color":"rgb(31,119,180)"}]}
