{"age":[{"age_group":"20-29   ","count":13,"tested":55},{"age_group":"30-39   ","count":18,"tested":65},{"age_group":"40-49   ","count":17,"tested":62},{"age_group":"50-59   ","count":20,"tested":57},{"age_group":"60-69   ","count":17,"tested":51}],"race":[{"description":"White","count":49,"tested":180,"color":"rgb(31,119,180)"},{"description":"Left Blank","count":26,"tested":193,"color":"rgb(44,160,44)"}],"gender":[{"description":"Female","count":43,"tested":200,"color":"rgb(255,127,14)"},{"description":"Male","count":33,"tested":176,"color":"rgb(31,119,180)"}]}
