{"age":[{"age_group":"<20","count":185,"tested":1028},{"age_group":"20-29   ","count":223,"tested":2241},{"age_group":"30-39   ","count":225,"tested":1903},{"age_group":"40-49   ","count":208,"tested":1805},{"age_group":"50-59   ","count":180,"tested":2056},{"age_group":"60-69   ","count":135,"tested":2365},{"age_group":"70-79   ","count":70,"tested":1302},{"age_group":"80+","count":45,"tested":807}],"race":[{"description":"Hispanic","count":190,"tested":887,"color":"rgb(214,39,40)"},{"description":"White","count":238,"tested":2444,"color":"rgb(31,119,180)"},{"description":"Black","count":83,"tested":710,"color":"rgb(255,127,14)"},{"description":"Other","count":52,"tested":261,"color":"rgb(148,103,189)"},{"description":"Left Blank","count":649,"tested":9116,"color":"rgb(44,160,44)"}],"gender":[{"description":"Female","count":649,"tested":7457,"color":"rgb(255,127,14)"},{"description":"Male","count":510,"tested":5823,"color":"rgb(31,119,180)"},{"description":"Unknown/Left Blank","count":27,"tested":231,"color":"rgb(44,160,44)"}]}
