{"age":[{"age_group":"<20","count":66,"tested":349},{"age_group":"20-29   ","count":75,"tested":478},{"age_group":"30-39   ","count":81,"tested":493},{"age_group":"40-49   ","count":68,"tested":382},{"age_group":"50-59   ","count":96,"tested":575},{"age_group":"60-69   ","count":53,"tested":425},{"age_group":"70-79   ","count":43,"tested":203},{"age_group":"80+","count":30,"tested":75}],"race":[{"description":"Hispanic","count":72,"tested":349,"color":"rgb(214,39,40)"},{"description":"Left Blank","count":116,"tested":965,"color":"rgb(44,160,44)"},{"description":"White","count":179,"tested":1331,"color":"rgb(31,119,180)"},{"description":"Black","count":37,"tested":134,"color":"rgb(255,127,14)"},{"description":"Other","count":35,"tested":143,"color":"rgb(148,103,189)"}],"gender":[{"description":"Female","count":193,"tested":1672,"color":"rgb(255,127,14)"},{"description":"Male","count":180,"tested":1263,"color":"rgb(31,119,180)"}]}
