{"age":[{"age_group":"<20","count":374,"tested":3691},{"age_group":"20-29   ","count":416,"tested":4736},{"age_group":"30-39   ","count":293,"tested":4700},{"age_group":"40-49   ","count":307,"tested":4031},{"age_group":"50-59   ","count":358,"tested":6244},{"age_group":"60-69   ","count":281,"tested":4886},{"age_group":"70-79   ","count":157,"tested":2897},{"age_group":"80+","count":154,"tested":3251}],"race":[{"description":"Black","count":87,"tested":500,"color":"rgb(255,127,14)"},{"description":"Hispanic","count":282,"tested":2298,"color":"rgb(214,39,40)"},{"description":"Asian","count":159,"tested":2454,"color":"rgb(140,86,75)"},{"description":"Left Blank","count":595,"tested":13421,"color":"rgb(44,160,44)"},{"description":"Other","count":119,"tested":603,"color":"rgb(148,103,189)"},{"description":"White","count":994,"tested":15090,"color":"rgb(31,119,180)"}],"gender":[{"description":"Female","count":1053,"tested":19955,"color":"rgb(255,127,14)"},{"description":"Male","count":978,"tested":13085,"color":"rgb(31,119,180)"},{"description":"Unknown/Left Blank","count":64,"tested":1411,"color":"rgb(44,160,44)"}]}
