{"age":[{"age_group":"<20","count":248,"tested":1891},{"age_group":"20-29   ","count":338,"tested":2769},{"age_group":"30-39   ","count":380,"tested":2519},{"age_group":"40-49   ","count":371,"tested":2473},{"age_group":"50-59   ","count":289,"tested":2464},{"age_group":"60-69   ","count":221,"tested":2249},{"age_group":"70-79   ","count":148,"tested":1618},{"age_group":"80+","count":114,"tested":1716}],"race":[{"description":"Hispanic","count":228,"tested":866,"color":"rgb(214,39,40)"},{"description":"White","count":369,"tested":4871,"color":"rgb(31,119,180)"},{"description":"Left Blank","count":945,"tested":10609,"color":"rgb(44,160,44)"},{"description":"Other","count":88,"tested":329,"color":"rgb(148,103,189)"},{"description":"Black","count":268,"tested":884,"color":"rgb(255,127,14)"},{"description":"Asian","count":86,"tested":135,"color":"rgb(140,86,75)"}],"gender":[{"description":"Female","count":738,"tested":10488,"color":"rgb(255,127,14)"},{"description":"Male","count":993,"tested":6838,"color":"rgb(31,119,180)"},{"description":"Unknown/Left Blank","count":68,"tested":380,"color":"rgb(44,160,44)"}]}
