{"age":[{"age_group":"<20","count":18,"tested":111},{"age_group":"20-29   ","count":11,"tested":114},{"age_group":"40-49   ","count":22,"tested":117},{"age_group":"50-59   ","count":18,"tested":127},{"age_group":"60-69   ","count":12,"tested":151}],"race":[{"description":"White","count":41,"tested":362,"color":"rgb(31,119,180)"},{"description":"Left Blank","count":42,"tested":510,"color":"rgb(44,160,44)"}],"gender":[{"description":"Male","count":41,"tested":342,"color":"rgb(31,119,180)"},{"description":"Female","count":43,"tested":548,"color":"rgb(255,127,14)"}]}
