{"age":[{"age_group":"<20","count":665,"tested":3722},{"age_group":"20-29   ","count":847,"tested":5137},{"age_group":"30-39   ","count":638,"tested":4288},{"age_group":"40-49   ","count":696,"tested":4664},{"age_group":"50-59   ","count":696,"tested":4791},{"age_group":"60-69   ","count":384,"tested":2167},{"age_group":"70-79   ","count":265,"tested":1005},{"age_group":"80+","count":211,"tested":411}],"race":[{"description":"Other","count":314,"tested":1159,"color":"rgb(148,103,189)"},{"description":"Hispanic","count":659,"tested":2557,"color":"rgb(214,39,40)"},{"description":"White","count":1063,"tested":9148,"color":"rgb(31,119,180)"},{"description":"Asian","count":216,"tested":405,"color":"rgb(140,86,75)"},{"description":"Left Blank","count":1375,"tested":11176,"color":"rgb(44,160,44)"},{"description":"Black","count":389,"tested":1679,"color":"rgb(255,127,14)"}],"gender":[{"description":"Male","count":1504,"tested":11020,"color":"rgb(31,119,180)"},{"description":"Unknown/Left Blank","count":213,"tested":189,"color":"rgb(44,160,44)"},{"description":"Female","count":1730,"tested":14978,"color":"rgb(255,127,14)"}]}
