{"age":[{"age_group":"<20","count":30,"tested":174},{"age_group":"20-29   ","count":28,"tested":213},{"age_group":"30-39   ","count":28,"tested":219},{"age_group":"40-49   ","count":33,"tested":189},{"age_group":"50-59   ","count":23,"tested":186},{"age_group":"60-69   ","count":30,"tested":242},{"age_group":"70-79   ","count":21,"tested":115}],"race":[{"description":"Hispanic","count":16,"tested":25,"color":"rgb(214,39,40)"},{"description":"Left Blank","count":54,"tested":790,"color":"rgb(44,160,44)"},{"description":"Other","count":16,"tested":28,"color":"rgb(148,103,189)"},{"description":"White","count":80,"tested":543,"color":"rgb(31,119,180)"}],"gender":[{"description":"Female","count":74,"tested":738,"color":"rgb(255,127,14)"},{"description":"Male","count":74,"tested":644,"color":"rgb(31,119,180)"}]}
