{"age":[{"age_group":"<20","count":478,"tested":2547},{"age_group":"20-29   ","count":552,"tested":3830},{"age_group":"30-39   ","count":509,"tested":2752},{"age_group":"40-49   ","count":493,"tested":2645},{"age_group":"50-59   ","count":433,"tested":3017},{"age_group":"60-69   ","count":284,"tested":2106},{"age_group":"70-79   ","count":161,"tested":983},{"age_group":"80+","count":132,"tested":564}],"race":[{"description":"White","count":357,"tested":3279,"color":"rgb(31,119,180)"},{"description":"Asian","count":110,"tested":288,"color":"rgb(140,86,75)"},{"description":"Black","count":245,"tested":1694,"color":"rgb(255,127,14)"},{"description":"Other","count":169,"tested":664,"color":"rgb(148,103,189)"},{"description":"Left Blank","count":582,"tested":6014,"color":"rgb(44,160,44)"},{"description":"Hispanic","count":1413,"tested":6408,"color":"rgb(214,39,40)"}],"gender":[{"description":"Unknown/Left Blank","count":93,"tested":385,"color":"rgb(44,160,44)"},{"description":"Female","count":1348,"tested":10588,"color":"rgb(255,127,14)"},{"description":"Male","count":1196,"tested":7478,"color":"rgb(31,119,180)"}]}
