{"age":[{"age_group":"<20","count":256,"tested":2063},{"age_group":"20-29   ","count":330,"tested":3171},{"age_group":"30-39   ","count":336,"tested":3300},{"age_group":"40-49   ","count":307,"tested":2760},{"age_group":"50-59   ","count":285,"tested":2915},{"age_group":"60-69   ","count":215,"tested":2598},{"age_group":"70-79   ","count":107,"tested":1258},{"age_group":"80+","count":59,"tested":704}],"race":[{"description":"Other","count":95,"tested":651,"color":"rgb(148,103,189)"},{"description":"AI/AN**","count":47,"tested":18,"color":"rgb(31,119,180)"},{"description":"Black","count":145,"tested":1048,"color":"rgb(255,127,14)"},{"description":"Asian","count":127,"tested":846,"color":"rgb(140,86,75)"},{"description":"White","count":536,"tested":5605,"color":"rgb(31,119,180)"},{"description":"Left Blank","count":629,"tested":9636,"color":"rgb(44,160,44)"},{"description":"Hispanic","count":271,"tested":958,"color":"rgb(214,39,40)"}],"gender":[{"description":"Female","count":853,"tested":10712,"color":"rgb(255,127,14)"},{"description":"Male","count":793,"tested":7860,"color":"rgb(31,119,180)"}]}
