{"age":[{"age_group":"<20","count":71,"tested":536},{"age_group":"20-29   ","count":107,"tested":985},{"age_group":"30-39   ","count":97,"tested":770},{"age_group":"40-49   ","count":81,"tested":701},{"age_group":"50-59   ","count":91,"tested":750},{"age_group":"60-69   ","count":79,"tested":673},{"age_group":"70-79   ","count":42,"tested":361},{"age_group":"80+","count":19,"tested":159}],"race":[{"description":"Other","count":26,"tested":180,"color":"rgb(148,103,189)"},{"description":"Left Blank","count":203,"tested":1929,"color":"rgb(44,160,44)"},{"description":"White","count":157,"tested":1578,"color":"rgb(31,119,180)"},{"description":"Black","count":94,"tested":880,"color":"rgb(255,127,14)"},{"description":"Hispanic","count":76,"tested":332,"color":"rgb(214,39,40)"}],"gender":[{"description":"Male","count":241,"tested":2046,"color":"rgb(31,119,180)"},{"description":"Female","count":285,"tested":2851,"color":"rgb(255,127,14)"}]}
