{"age":[{"age_group":"20-29   ","count":11,"tested":191},{"age_group":"30-39   ","count":14,"tested":131},{"age_group":"40-49   ","count":15,"tested":137},{"age_group":"50-59   ","count":9,"tested":142},{"age_group":"60-69   ","count":8,"tested":113}],"race":[{"description":"White","count":43,"tested":462,"color":"rgb(31,119,180)"},{"description":"Hispanic","count":6,"tested":31,"color":"rgb(214,39,40)"},{"description":"Left Blank","count":17,"tested":394,"color":"rgb(44,160,44)"}],"gender":[{"description":"Male","count":39,"tested":379,"color":"rgb(31,119,180)"},{"description":"Female","count":28,"tested":519,"color":"rgb(255,127,14)"}]}
