{"age":[{"age_group":"<20","count":27,"tested":207},{"age_group":"20-29   ","count":222,"tested":3352},{"age_group":"30-39   ","count":192,"tested":3360},{"age_group":"40-49   ","count":51,"tested":751},{"age_group":"50-59   ","count":34,"tested":417},{"age_group":"60-69   ","count":34,"tested":238}],"race":[{"description":"White","count":187,"tested":2508,"color":"rgb(31,119,180)"},{"description":"Asian","count":44,"tested":760,"color":"rgb(140,86,75)"},{"description":"Black","count":36,"tested":269,"color":"rgb(255,127,14)"},{"description":"Other","count":48,"tested":499,"color":"rgb(148,103,189)"},{"description":"Left Blank","count":209,"tested":4150,"color":"rgb(44,160,44)"},{"description":"Hispanic","count":37,"tested":241,"color":"rgb(214,39,40)"}],"gender":[{"description":"Female","count":227,"tested":4351,"color":"rgb(255,127,14)"},{"description":"Male","count":266,"tested":4013,"color":"rgb(31,119,180)"}]}
