{"age":[{"age_group":"<20","count":755,"tested":4756},{"age_group":"20-29   ","count":951,"tested":7913},{"age_group":"30-39   ","count":993,"tested":7957},{"age_group":"40-49   ","count":974,"tested":6551},{"age_group":"50-59   ","count":677,"tested":5491},{"age_group":"60-69   ","count":509,"tested":4355},{"age_group":"70-79   ","count":281,"tested":2347},{"age_group":"80+","count":101,"tested":772}],"race":[{"description":"White","count":198,"tested":2953,"color":"rgb(31,119,180)"},{"description":"Other","count":150,"tested":1257,"color":"rgb(148,103,189)"},{"description":"Left Blank","count":1044,"tested":14127,"color":"rgb(44,160,44)"},{"description":"Asian","count":37,"tested":133,"color":"rgb(140,86,75)"},{"description":"Black","count":1385,"tested":11457,"color":"rgb(255,127,14)"},{"description":"Hispanic","count":2366,"tested":10175,"color":"rgb(214,39,40)"}],"gender":[{"description":"Male","count":2349,"tested":17042,"color":"rgb(31,119,180)"},{"description":"Unknown/Left Blank","count":68,"tested":962,"color":"rgb(44,160,44)"},{"description":"Female","count":2684,"tested":22160,"color":"rgb(255,127,14)"}]}
