{"lastUpdatedDate":{"year":2021,"month":10,"day":7},"county_demographics":[{"County":"Henry","confirmed_cases":6474,"total_tested":99255,"demographics":{"age":[{"race":[],"age_group":"<20","count":1244,"tested":15557,"deaths":0},{"race":[],"age_group":"20-29   ","count":874,"tested":13373,"deaths":0},{"race":[],"age_group":"30-39   ","count":1001,"tested":14809,"deaths":0},{"race":[],"age_group":"40-49   ","count":949,"tested":13858,"deaths":0},{"race":[],"age_group":"50-59   ","count":935,"tested":14982,"deaths":0},{"race":[],"age_group":"60-69   ","count":744,"tested":11582,"deaths":0},{"race":[],"age_group":"70-79   ","count":383,"tested":6781,"deaths":0},{"race":[],"age_group":"80+","count":344,"tested":8127,"deaths":0},{"race":[],"age_group":"Unknown","count":0,"tested":186,"deaths":0}],"race":[{"description":"AI/AN**","count":0,"tested":41,"deaths":0,"color":"rgb(31,119,180)"},{"description":"Asian","count":0,"tested":135,"deaths":0,"color":"rgb(140,86,75)"},{"description":"Black","count":91,"tested":1188,"deaths":0,"color":"rgb(255,127,14)"},{"description":"Hispanic","count":274,"tested":2054,"deaths":0,"color":"rgb(214,39,40)"},{"description":"Left Blank","count":1695,"tested":47055,"deaths":0,"color":"rgb(44,160,44)"},{"description":"NH/PI*","count":0,"tested":53,"deaths":0,"color":"rgb(127,127,127)"},{"description":"Other","count":154,"tested":2660,"deaths":0,"color":"rgb(148,103,189)"},{"description":"White","count":4248,"tested":46069,"deaths":0,"color":"rgb(31,119,180)"}],"gender":[{"description":"Female","count":3518,"tested":57952,"deaths":0,"color":"rgb(255,127,14)"},{"description":"Male","count":2888,"tested":34737,"deaths":0,"color":"rgb(31,119,180)"},{"description":"Unknown/Left Blank","count":68,"tested":6566,"deaths":0,"color":"rgb(44,160,44)"}]}}]}
