{"lastUpdatedDate":{"year":2021,"month":10,"day":7},"county_demographics":[{"County":"Unassigned","confirmed_cases":273,"total_tested":202985,"demographics":{"age":[{"race":[],"age_group":"<20","count":76,"tested":24365,"deaths":0},{"race":[],"age_group":"20-29   ","count":46,"tested":40418,"deaths":0},{"race":[],"age_group":"30-39   ","count":48,"tested":30521,"deaths":0},{"race":[],"age_group":"40-49   ","count":29,"tested":28270,"deaths":0},{"race":[],"age_group":"50-59   ","count":33,"tested":28429,"deaths":0},{"race":[],"age_group":"60-69   ","count":14,"tested":23603,"deaths":0},{"race":[],"age_group":"70-79   ","count":9,"tested":13266,"deaths":0},{"race":[],"age_group":"80+","count":6,"tested":13132,"deaths":0},{"race":[],"age_group":"Unknown","count":0,"tested":981,"deaths":0}],"race":[{"description":"AI/AN**","count":0,"tested":170,"deaths":0,"color":"rgb(31,119,180)"},{"description":"Asian","count":0,"tested":5068,"deaths":0,"color":"rgb(140,86,75)"},{"description":"Black","count":0,"tested":17613,"deaths":0,"color":"rgb(255,127,14)"},{"description":"Hispanic","count":0,"tested":10092,"deaths":0,"color":"rgb(214,39,40)"},{"description":"Left Blank","count":181,"tested":108494,"deaths":0,"color":"rgb(44,160,44)"},{"description":"NH/PI*","count":0,"tested":83,"deaths":0,"color":"rgb(127,127,127)"},{"description":"Other","count":0,"tested":2392,"deaths":0,"color":"rgb(148,103,189)"},{"description":"White","count":79,"tested":59073,"deaths":0,"color":"rgb(31,119,180)"}],"gender":[{"description":"Female","count":134,"tested":108462,"deaths":0,"color":"rgb(255,127,14)"},{"description":"Male","count":126,"tested":85582,"deaths":0,"color":"rgb(31,119,180)"},{"description":"Unknown/Left Blank","count":10,"tested":8941,"deaths":0,"color":"rgb(44,160,44)"}]}}]}
