{"lastUpdatedDate":{"year":2021,"month":6,"day":17},"county_demographics":[{"County":"Stephenson","confirmed_cases":4819,"total_tested":65099,"demographics":{"age":[{"race":[],"age_group":"<20","count":768,"tested":8114,"deaths":0},{"race":[],"age_group":"20-29   ","count":712,"tested":9027,"deaths":0},{"race":[],"age_group":"30-39   ","count":710,"tested":8633,"deaths":0},{"race":[],"age_group":"40-49   ","count":618,"tested":6745,"deaths":0},{"race":[],"age_group":"50-59   ","count":769,"tested":9529,"deaths":0},{"race":[],"age_group":"60-69   ","count":610,"tested":8428,"deaths":0},{"race":[],"age_group":"70-79   ","count":330,"tested":5679,"deaths":0},{"race":[],"age_group":"80+","count":302,"tested":8927,"deaths":0},{"race":[],"age_group":"Unknown","count":0,"tested":17,"deaths":0}],"race":[{"description":"AI/AN**","count":0,"tested":47,"deaths":0,"color":"rgb(31,119,180)"},{"description":"Asian","count":24,"tested":193,"deaths":0,"color":"rgb(140,86,75)"},{"description":"Black","count":315,"tested":3292,"deaths":0,"color":"rgb(255,127,14)"},{"description":"Hispanic","count":149,"tested":878,"deaths":0,"color":"rgb(214,39,40)"},{"description":"Left Blank","count":1045,"tested":27137,"deaths":0,"color":"rgb(44,160,44)"},{"description":"NH/PI*","count":0,"tested":23,"deaths":0,"color":"rgb(127,127,127)"},{"description":"Other","count":49,"tested":966,"deaths":0,"color":"rgb(148,103,189)"},{"description":"White","count":3221,"tested":32563,"deaths":0,"color":"rgb(31,119,180)"}],"gender":[{"description":"Female","count":2617,"tested":42711,"deaths":0,"color":"rgb(255,127,14)"},{"description":"Male","count":2161,"tested":21328,"deaths":0,"color":"rgb(31,119,180)"},{"description":"Unknown/Left Blank","count":38,"tested":1060,"deaths":0,"color":"rgb(44,160,44)"}]}}]}
