{"lastUpdatedDate":{"year":2021,"month":6,"day":17},"county_demographics":[{"County":"Knox","confirmed_cases":5641,"total_tested":122093,"demographics":{"age":[{"race":[],"age_group":"<20","count":735,"tested":13283,"deaths":0},{"race":[],"age_group":"20-29   ","count":872,"tested":24794,"deaths":0},{"race":[],"age_group":"30-39   ","count":831,"tested":19929,"deaths":0},{"race":[],"age_group":"40-49   ","count":841,"tested":18461,"deaths":0},{"race":[],"age_group":"50-59   ","count":816,"tested":16579,"deaths":0},{"race":[],"age_group":"60-69   ","count":696,"tested":11954,"deaths":0},{"race":[],"age_group":"70-79   ","count":454,"tested":7003,"deaths":0},{"race":[],"age_group":"80+","count":393,"tested":7060,"deaths":0},{"race":[],"age_group":"Unknown","count":0,"tested":3030,"deaths":0}],"race":[{"description":"AI/AN**","count":0,"tested":66,"deaths":0,"color":"rgb(31,119,180)"},{"description":"Asian","count":19,"tested":1210,"deaths":0,"color":"rgb(140,86,75)"},{"description":"Black","count":501,"tested":3893,"deaths":0,"color":"rgb(255,127,14)"},{"description":"Hispanic","count":259,"tested":2440,"deaths":0,"color":"rgb(214,39,40)"},{"description":"Left Blank","count":954,"tested":74519,"deaths":0,"color":"rgb(44,160,44)"},{"description":"NH/PI*","count":0,"tested":86,"deaths":0,"color":"rgb(127,127,127)"},{"description":"Other","count":71,"tested":1631,"deaths":0,"color":"rgb(148,103,189)"},{"description":"White","count":3829,"tested":38248,"deaths":0,"color":"rgb(31,119,180)"}],"gender":[{"description":"Female","count":2893,"tested":53334,"deaths":0,"color":"rgb(255,127,14)"},{"description":"Male","count":2574,"tested":49177,"deaths":0,"color":"rgb(31,119,180)"},{"description":"Unknown/Left Blank","count":174,"tested":19582,"deaths":0,"color":"rgb(44,160,44)"}]}}]}
