{"lastUpdatedDate":{"year":2021,"month":6,"day":17},"county_demographics":[{"County":"Cass","confirmed_cases":2032,"total_tested":22926,"demographics":{"age":[{"race":[],"age_group":"<20","count":389,"tested":4145,"deaths":0},{"race":[],"age_group":"20-29   ","count":339,"tested":3493,"deaths":0},{"race":[],"age_group":"30-39   ","count":320,"tested":3333,"deaths":0},{"race":[],"age_group":"40-49   ","count":294,"tested":3612,"deaths":0},{"race":[],"age_group":"50-59   ","count":266,"tested":3387,"deaths":0},{"race":[],"age_group":"60-69   ","count":203,"tested":2139,"deaths":0},{"race":[],"age_group":"70-79   ","count":120,"tested":1509,"deaths":0},{"race":[],"age_group":"80+","count":101,"tested":1305,"deaths":0},{"race":[],"age_group":"Unknown","count":0,"tested":0,"deaths":0}],"race":[{"description":"AI/AN**","count":0,"tested":21,"deaths":0,"color":"rgb(31,119,180)"},{"description":"Asian","count":14,"tested":74,"deaths":0,"color":"rgb(140,86,75)"},{"description":"Black","count":61,"tested":689,"deaths":0,"color":"rgb(255,127,14)"},{"description":"Hispanic","count":713,"tested":3168,"deaths":0,"color":"rgb(214,39,40)"},{"description":"Left Blank","count":49,"tested":6303,"deaths":0,"color":"rgb(44,160,44)"},{"description":"NH/PI*","count":0,"tested":19,"deaths":0,"color":"rgb(127,127,127)"},{"description":"Other","count":6,"tested":1331,"deaths":0,"color":"rgb(148,103,189)"},{"description":"White","count":1180,"tested":11321,"deaths":0,"color":"rgb(31,119,180)"}],"gender":[{"description":"Female","count":1101,"tested":13162,"deaths":0,"color":"rgb(255,127,14)"},{"description":"Male","count":923,"tested":8729,"deaths":0,"color":"rgb(31,119,180)"},{"description":"Unknown/Left Blank","count":7,"tested":1035,"deaths":0,"color":"rgb(44,160,44)"}]}}]}
