{"lastUpdatedDate":{"year":2021,"month":5,"day":2},"county_demographics":[{"County":"Iroquois","confirmed_cases":2957,"total_tested":47960,"demographics":{"age":[{"race":[],"age_group":"20-29   ","count":420,"tested":6093,"deaths":0},{"race":[],"age_group":"30-39   ","count":380,"tested":6023,"deaths":0},{"race":[],"age_group":"50-59   ","count":443,"tested":6544,"deaths":0},{"race":[],"age_group":"40-49   ","count":389,"tested":4897,"deaths":0},{"race":[],"age_group":"80+","count":186,"tested":7016,"deaths":0},{"race":[],"age_group":"Unknown","count":0,"tested":9,"deaths":0},{"race":[],"age_group":"60-69   ","count":394,"tested":6169,"deaths":0},{"race":[],"age_group":"<20","count":489,"tested":6765,"deaths":0},{"race":[],"age_group":"70-79   ","count":256,"tested":4444,"deaths":0}],"race":[{"description":"AI/AN**","count":0,"tested":11,"deaths":0,"color":"rgb(31,119,180)"},{"description":"Asian","count":0,"tested":93,"deaths":0,"color":"rgb(140,86,75)"},{"description":"Black","count":34,"tested":502,"deaths":0,"color":"rgb(255,127,14)"},{"description":"Hispanic","count":241,"tested":1369,"deaths":0,"color":"rgb(214,39,40)"},{"description":"Left Blank","count":390,"tested":15423,"deaths":0,"color":"rgb(44,160,44)"},{"description":"NH/PI*","count":0,"tested":8,"deaths":0,"color":"rgb(127,127,127)"},{"description":"Other","count":68,"tested":768,"deaths":0,"color":"rgb(148,103,189)"},{"description":"White","count":2217,"tested":29786,"deaths":0,"color":"rgb(31,119,180)"}],"gender":[{"description":"Female","count":1566,"tested":30744,"deaths":0,"color":"rgb(255,127,14)"},{"description":"Male","count":1312,"tested":16503,"deaths":0,"color":"rgb(31,119,180)"},{"description":"Unknown/Left Blank","count":79,"tested":713,"deaths":0,"color":"rgb(44,160,44)"}]}}]}
