{"lastUpdatedDate":{"year":2021,"month":5,"day":2},"county_demographics":[{"County":"Marshall","confirmed_cases":1025,"total_tested":20862,"demographics":{"age":[{"race":[],"age_group":"<20","count":168,"tested":2475,"deaths":0},{"race":[],"age_group":"70-79   ","count":82,"tested":1654,"deaths":0},{"race":[],"age_group":"60-69   ","count":131,"tested":2901,"deaths":0},{"race":[],"age_group":"Unknown","count":0,"tested":77,"deaths":0},{"race":[],"age_group":"40-49   ","count":166,"tested":2823,"deaths":0},{"race":[],"age_group":"80+","count":32,"tested":2010,"deaths":0},{"race":[],"age_group":"50-59   ","count":153,"tested":3378,"deaths":0},{"race":[],"age_group":"20-29   ","count":158,"tested":3017,"deaths":0},{"race":[],"age_group":"30-39   ","count":130,"tested":2527,"deaths":0}],"race":[{"description":"AI/AN**","count":0,"tested":0,"deaths":0,"color":"rgb(31,119,180)"},{"description":"Asian","count":0,"tested":26,"deaths":0,"color":"rgb(140,86,75)"},{"description":"Black","count":0,"tested":65,"deaths":0,"color":"rgb(255,127,14)"},{"description":"Hispanic","count":0,"tested":164,"deaths":0,"color":"rgb(214,39,40)"},{"description":"Left Blank","count":344,"tested":9272,"deaths":0,"color":"rgb(44,160,44)"},{"description":"NH/PI*","count":0,"tested":0,"deaths":0,"color":"rgb(127,127,127)"},{"description":"Other","count":20,"tested":244,"deaths":0,"color":"rgb(148,103,189)"},{"description":"White","count":647,"tested":11088,"deaths":0,"color":"rgb(31,119,180)"}],"gender":[{"description":"Female","count":534,"tested":13610,"deaths":0,"color":"rgb(255,127,14)"},{"description":"Male","count":482,"tested":6812,"deaths":0,"color":"rgb(31,119,180)"},{"description":"Unknown/Left Blank","count":6,"tested":440,"deaths":0,"color":"rgb(44,160,44)"}]}}]}
