{"lastUpdatedDate":{"year":2021,"month":5,"day":2},"county_demographics":[{"County":"Putnam","confirmed_cases":470,"total_tested":6441,"demographics":{"age":[{"race":[],"age_group":"20-29   ","count":73,"tested":740,"deaths":0},{"race":[],"age_group":"30-39   ","count":66,"tested":1098,"deaths":0},{"race":[],"age_group":"70-79   ","count":30,"tested":375,"deaths":0},{"race":[],"age_group":"40-49   ","count":63,"tested":1030,"deaths":0},{"race":[],"age_group":"Unknown","count":0,"tested":0,"deaths":0},{"race":[],"age_group":"<20","count":63,"tested":714,"deaths":0},{"race":[],"age_group":"50-59   ","count":90,"tested":1388,"deaths":0},{"race":[],"age_group":"60-69   ","count":67,"tested":929,"deaths":0},{"race":[],"age_group":"80+","count":11,"tested":166,"deaths":0}],"race":[{"description":"Asian","count":0,"tested":0,"deaths":0,"color":"rgb(140,86,75)"},{"description":"Black","count":0,"tested":19,"deaths":0,"color":"rgb(255,127,14)"},{"description":"Hispanic","count":14,"tested":150,"deaths":0,"color":"rgb(214,39,40)"},{"description":"Left Blank","count":188,"tested":2968,"deaths":0,"color":"rgb(44,160,44)"},{"description":"NH/PI*","count":0,"tested":55,"deaths":0,"color":"rgb(127,127,127)"},{"description":"Other","count":0,"tested":53,"deaths":0,"color":"rgb(148,103,189)"},{"description":"White","count":257,"tested":3193,"deaths":0,"color":"rgb(31,119,180)"}],"gender":[{"description":"Female","count":254,"tested":3802,"deaths":0,"color":"rgb(255,127,14)"},{"description":"Male","count":196,"tested":1731,"deaths":0,"color":"rgb(31,119,180)"},{"description":"Unknown/Left Blank","count":15,"tested":908,"deaths":0,"color":"rgb(44,160,44)"}]}}]}
