{"lastUpdatedDate":{"year":2021,"month":5,"day":2},"county_demographics":[{"County":"Clinton","confirmed_cases":5737,"total_tested":65190,"demographics":{"age":[{"race":[],"age_group":"70-79   ","count":352,"tested":3934,"deaths":0},{"race":[],"age_group":"20-29   ","count":873,"tested":10675,"deaths":0},{"race":[],"age_group":"60-69   ","count":729,"tested":7670,"deaths":0},{"race":[],"age_group":"80+","count":353,"tested":4873,"deaths":0},{"race":[],"age_group":"30-39   ","count":895,"tested":10310,"deaths":0},{"race":[],"age_group":"40-49   ","count":763,"tested":9148,"deaths":0},{"race":[],"age_group":"50-59   ","count":889,"tested":10048,"deaths":0},{"race":[],"age_group":"<20","count":870,"tested":8377,"deaths":0},{"race":[],"age_group":"Unknown","count":13,"tested":155,"deaths":0}],"race":[{"description":"AI/AN**","count":6,"tested":15,"deaths":0,"color":"rgb(31,119,180)"},{"description":"Asian","count":0,"tested":84,"deaths":0,"color":"rgb(140,86,75)"},{"description":"Black","count":100,"tested":1435,"deaths":0,"color":"rgb(255,127,14)"},{"description":"Hispanic","count":74,"tested":377,"deaths":0,"color":"rgb(214,39,40)"},{"description":"Left Blank","count":2480,"tested":33614,"deaths":0,"color":"rgb(44,160,44)"},{"description":"NH/PI*","count":0,"tested":27,"deaths":0,"color":"rgb(127,127,127)"},{"description":"Other","count":115,"tested":782,"deaths":0,"color":"rgb(148,103,189)"},{"description":"White","count":2948,"tested":28856,"deaths":0,"color":"rgb(31,119,180)"}],"gender":[{"description":"Female","count":2963,"tested":36533,"deaths":0,"color":"rgb(255,127,14)"},{"description":"Male","count":2628,"tested":25104,"deaths":0,"color":"rgb(31,119,180)"},{"description":"Unknown/Left Blank","count":146,"tested":3553,"deaths":0,"color":"rgb(44,160,44)"}]}}]}
