{"lastUpdatedDate":{"year":2021,"month":5,"day":2},"county_demographics":[{"County":"Chicago","confirmed_cases":276333,"total_tested":4215977,"demographics":{"age":[{"race":[],"age_group":"<20","count":37205,"tested":446662,"deaths":0},{"race":[],"age_group":"Unknown","count":11,"tested":2434,"deaths":0},{"race":[],"age_group":"80+","count":7555,"tested":151916,"deaths":0},{"race":[],"age_group":"20-29   ","count":60661,"tested":994328,"deaths":0},{"race":[],"age_group":"30-39   ","count":54391,"tested":846515,"deaths":0},{"race":[],"age_group":"40-49   ","count":43593,"tested":574444,"deaths":0},{"race":[],"age_group":"50-59   ","count":36681,"tested":538233,"deaths":0},{"race":[],"age_group":"70-79   ","count":11957,"tested":226782,"deaths":0},{"race":[],"age_group":"60-69   ","count":24279,"tested":434663,"deaths":0}],"race":[{"description":"AI/AN**","count":364,"tested":4729,"deaths":0,"color":"rgb(31,119,180)"},{"description":"Asian","count":7269,"tested":152673,"deaths":0,"color":"rgb(140,86,75)"},{"description":"Black","count":49287,"tested":639353,"deaths":0,"color":"rgb(255,127,14)"},{"description":"Hispanic","count":91020,"tested":552207,"deaths":0,"color":"rgb(214,39,40)"},{"description":"Left Blank","count":64648,"tested":1778368,"deaths":0,"color":"rgb(44,160,44)"},{"description":"NH/PI*","count":253,"tested":4547,"deaths":0,"color":"rgb(127,127,127)"},{"description":"Other","count":12262,"tested":162914,"deaths":0,"color":"rgb(148,103,189)"},{"description":"White","count":51230,"tested":921186,"deaths":0,"color":"rgb(31,119,180)"}],"gender":[{"description":"Female","count":140272,"tested":2235017,"deaths":0,"color":"rgb(255,127,14)"},{"description":"Male","count":131537,"tested":1858485,"deaths":0,"color":"rgb(31,119,180)"},{"description":"Unknown/Left Blank","count":4524,"tested":122475,"deaths":0,"color":"rgb(44,160,44)"}]}}]}
